first_name,last_name,email,stage,phone,company,probability
Herby,Laxon,hlaxon0@alibaba.com,Diligence,,InnoZ,35
Leanora,Collet,lcollet1@shutterfly.com,Diligence,,InnoZ,10
Florina,Gammage,fgammage2@canalblog.com,Lead,,InnoZ,20
Amii,Hollingshead,ahollingshead3@cbslocal.com,Contacted,,Kwilith,0
Estelle,Farens,efarens4@instagram.com,Contacted,,Kwilith,35
Lurlene,Kiehnlt,lkiehnlt5@narod.ru,Closed,,Buzzbean,0
Angel,Cannop,acannop6@discuz.net,Diligence,+420 (434) 856-0615,Rhynoodle,0
Shela,O'Scandall,soscandall7@ebay.co.uk,Lead,,Yakitri,0
Leoine,Clowser,lclowser8@jalbum.net,Rejected,+86 (288) 506-7504,Kwilith,0
Vonni,Aviss,vaviss9@webeden.co.uk,Diligence,+53 (724) 110-7053,Aibox,40
Natala,Attwoul,nattwoula@slashdot.org,Diligence,,,0
Constancia,Guerin,cguerinb@va.gov,Rejected,,InnoZ,0
Jeannette,Kares,jkaresc@hubpages.com,Diligence,,,0
Caritta,Warrender,cwarrenderd@tiny.cc,Rejected,+231 (217) 121-9367,,0
Husein,Solano,hsolanoe@newyorker.com,Rejected,+55 (818) 976-0642,,0
Verne,Blaze,vblazef@google.de,Lead,,,0
Olga,Jackling,ojacklingg@google.com.br,Closed,,,105
Doretta,Sorby,dsorbyh@chicagotribune.com,Closed,,,0
Desdemona,Alway,dalwayi@deliciousdays.com,Rejected,,Npath,0
Ephrayim,Barcroft,ebarcroftj@smugmug.com,Closed,,Skaboo,75
Bertrando,Zouch,bzouchk@networksolutions.com,Diligence,,,0
Constance,Shoard,cshoardl@guardian.co.uk,Diligence,+86 (743) 575-6047,Kwilith,10
Gerianna,Delooze,gdeloozem@nbcnews.com,Closed,+66 (956) 947-7393,,0
Hana,Smail,hsmailn@google.com.au,Lead,,,0
Bellina,Georgiades,bgeorgiadeso@mac.com,Closed,,,0
Adolphe,Bote,abotep@chron.com,Rejected,+86 (962) 139-4682,,0
Ferrell,Mathissen,fmathissenq@nps.gov,Contacted,,,0
Gail,Bresnahan,gbresnahanr@state.gov,Closed,+7 (782) 142-4943,,75
Josephina,Gallelli,jgallellis@tinyurl.com,Rejected,+63 (917) 881-2722,Zoomlounge,0
Gustie,Fallow,gfallowt@mozilla.org,Rejected,,Zoomdog,100
Daniella,Pallasch,dpallaschu@mapquest.com,Lead,,,0
Mychal,Cisneros,mcisnerosv@dailymotion.com,Lead,,,0
Merralee,Richin,mrichinw@tiny.cc,Rejected,+63 (300) 961-7664,Kwilith,0
Hamel,Wilkin,hwilkinx@sbwire.com,Diligence,+57 (227) 708-2726,,45
Beale,Chastagnier,bchastagniery@cnbc.com,Contacted,,,95
Parke,Behnke,pbehnkez@google.ru,Lead,+57 (176) 375-7514,Oba,25
Daron,Concannon,dconcannon10@tinypic.com,Rejected,,Meevee,0
Haleigh,Idale,hidale11@home.pl,Lead,,,0
Culver,Ast,cast12@vk.com,Closed,,InnoZ,60
Northrop,Routhorn,nrouthorn13@google.co.uk,Closed,,,105
Gabe,Radford,gradford14@over-blog.com,Diligence,+7 (579) 718-4440,Kwilith,0
Belvia,Bovey,bbovey15@sohu.com,Lead,,,0
Leonie,Mattisssen,lmattisssen16@wikimedia.org,Closed,,,0
Dido,Ripping,dripping17@abc.net.au,Diligence,,,0
Aloisia,Kelloway,akelloway18@cpanel.net,Lead,,,0
Sisely,Pfiffer,spfiffer19@yahoo.co.jp,Closed,,,0
Rennie,Dermot,rdermot1a@pbs.org,Rejected,+86 (220) 145-9095,Tagchat,5
Allianora,Spours,aspours1b@delicious.com,Contacted,,Roombo,0
Forester,Edmondson,fedmondson1c@statcounter.com,Contacted,,,0
Osmund,O'Dee,oodee1d@miibeian.gov.cn,Diligence,,InnoZ,0
Delphine,Culwen,dculwen1e@deviantart.com,Lead,+7 (683) 745-3935,,35
Ian,Jonsson,ijonsson1f@nationalgeographic.com,Closed,+359 (841) 748-9830,Kimia,35
Ricca,Littlemore,rlittlemore1g@mediafire.com,Contacted,,Geba,25
Frederica,Peasgood,fpeasgood1h@moonfruit.com,Lead,+359 (111) 317-0307,,0
Audre,Mournian,amournian1i@nba.com,Contacted,,Kwilith,0
Janek,Messenbird,jmessenbird1j@google.com.au,Contacted,,,0
Merl,Dewfall,mdewfall1k@tinyurl.com,Closed,+237 (694) 416-0672,InnoZ,0
Alie,Tivolier,ativolier1l@icio.us,Closed,,Voonyx,0
Lillian,Liles,lliles1m@yelp.com,Closed,,Babbleset,0
Reiko,Giannoni,rgiannoni1n@alibaba.com,Lead,,,0
Karlens,Castaignet,kcastaignet1o@bbb.org,Closed,,,0
Violetta,Tommis,vtommis1p@etsy.com,Lead,,Kwilith,0
Josefina,Zottoli,jzottoli1q@yale.edu,Lead,,Thoughtstorm,0
Lorita,Mingay,lmingay1r@mashable.com,Diligence,,,0
Abeu,Jurasek,ajurasek1s@csmonitor.com,Closed,,InnoZ,100
Brooke,Brudenell,bbrudenell1t@t.co,Diligence,,,0
Alix,Columbell,acolumbell1u@cornell.edu,Lead,,Kwilith,0
Lyman,Dufoure,ldufoure1v@edublogs.org,Closed,+62 (662) 639-6777,,30
Tuckie,Brookes,tbrookes1w@washingtonpost.com,Lead,,,0
Ddene,Wallwork,dwallwork1x@dagondesign.com,Closed,,,0
Abran,Brandt,abrandt1y@chronoengine.com,Lead,,Gigashots,5
Dyan,Mancer,dmancer1z@cpanel.net,Rejected,+31 (183) 769-0449,,15
Richy,Lightbody,rlightbody20@craigslist.org,Lead,,Kwilith,40
Augusto,Pigeon,apigeon21@ibm.com,Contacted,,InnoZ,0
Lauri,Sekulla,lsekulla22@tinyurl.com,Lead,,Realbuzz,0
Davita,Kettlesting,dkettlesting23@mediafire.com,Rejected,+86 (998) 384-9958,,0
Rebbecca,Friary,rfriary24@patch.com,Contacted,,,60
Aubrey,Bohlsen,abohlsen25@sciencedirect.com,Diligence,,,0
Clea,Mathias,cmathias26@behance.net,Diligence,,,0
Josy,Cassam,jcassam27@friendfeed.com,Contacted,,,0
Vitoria,Sigmund,vsigmund28@naver.com,Closed,,,0
Olympe,Burren,oburren29@scribd.com,Diligence,,,65
Johann,Penvarden,jpenvarden2a@pen.io,Rejected,,InnoZ,15
Alyssa,Skeermor,askeermor2b@reference.com,Rejected,,,0
Martie,Storrier,mstorrier2c@xrea.com,Closed,,,0
Hildegaard,Argont,hargont2d@cdbaby.com,Contacted,+351 (670) 840-3802,Wikizz,60
Hardy,Thing,hthing2e@squarespace.com,Lead,,Edgeify,45
Chaddy,Chismon,cchismon2f@irs.gov,Contacted,,,20
Herve,Eastment,heastment2g@typepad.com,Lead,,Wikizz,0
Felic,Greswell,fgreswell2h@symantec.com,Closed,,,85
Zane,Metheringham,zmetheringham2i@alexa.com,Rejected,+1 (212) 846-4690,Brainlounge,80
Isaac,Middup,imiddup2j@domainmarket.com,Diligence,+55 (842) 552-0763,,0
Addi,Bonallack,abonallack2k@live.com,Lead,,,0
Aloisia,Konmann,akonmann2l@businessinsider.com,Rejected,+62 (861) 548-7263,InnoZ,65
Ailis,Reynolds,areynolds2m@smh.com.au,Diligence,,,15
Eugine,Sadler,esadler2n@msn.com,Rejected,,,0
Julietta,Phelps,jphelps2o@devhub.com,Diligence,,,0
Allayne,Hartrick,ahartrick2p@nymag.com,Rejected,,,0
Tome,Crellin,tcrellin2q@hostgator.com,Lead,+62 (185) 214-2599,,40
Yoko,Hansana,yhansana2r@google.fr,Contacted,+351 (344) 450-6116,,0
Hallie,Brownbill,hbrownbill2s@uol.com.br,Contacted,,,90
Gabi,Stanbrooke,gstanbrooke2t@prlog.org,Rejected,+86 (432) 621-3196,Roomm,35
Davina,Woolaston,dwoolaston2u@delicious.com,Contacted,,,50
Druci,Dainter,ddainter2v@mit.edu,Rejected,+46 (734) 980-0068,Agivu,0
Keefe,Morphew,kmorphew2w@msu.edu,Lead,+62 (722) 487-8818,Fivespan,0
Lorrin,Grigson,lgrigson2x@jimdo.com,Contacted,,,0
Gilberta,Chicchelli,gchicchelli2y@gizmodo.com,Diligence,,InnoZ,5
Lyon,Stollman,lstollman2z@twitpic.com,Rejected,+880 (795) 480-9241,Realfire,0
Deb,Chace,dchace30@comcast.net,Closed,,,0
Cass,Coppeard,ccoppeard31@elegantthemes.com,Closed,+82 (952) 591-7425,,105
Drusie,Pablos,dpablos32@gnu.org,Contacted,,Skinder,105
Parker,Gurney,pgurney33@4shared.com,Lead,+48 (175) 529-4370,,0
Wenonah,Cockshoot,wcockshoot34@umn.edu,Lead,+63 (239) 305-0809,,0
Dona,Snelman,dsnelman35@buzzfeed.com,Rejected,,,0
Lyssa,Emmins,lemmins36@spotify.com,Rejected,+43 (856) 104-4898,,95
Milena,Torrese,mtorrese37@google.com.br,Closed,,,0
Devin,Ferrulli,dferrulli38@squarespace.com,Diligence,,,0
Zia,Knoles,zknoles39@purevolume.com,Closed,,,0
Frances,Collishaw,fcollishaw3a@ask.com,Lead,+62 (163) 839-4092,,0
Octavia,Gooble,ogooble3b@over-blog.com,Closed,+351 (609) 337-2498,,0
Breena,Girvin,bgirvin3c@blog.com,Lead,,,0
Esra,Shelley,eshelley3d@cloudflare.com,Closed,,,45
Mathilde,Nassau,mnassau3e@phpbb.com,Diligence,,,75
Dorolisa,Behrend,dbehrend3f@cocolog-nifty.com,Closed,,,0
Mendy,Wollard,mwollard3g@fastcompany.com,Contacted,,Pixonyx,0
Chevalier,Bontoft,cbontoft3h@wix.com,Lead,,,95
Theda,Roger,troger3i@usda.gov,Diligence,+1 (405) 508-8073,,10
Rab,Braferton,rbraferton3j@washingtonpost.com,Closed,,,85
Tiffany,Brayley,tbrayley3k@wufoo.com,Lead,+46 (898) 742-0940,Dabfeed,0
Mahmoud,Coils,mcoils3l@github.io,Lead,,,0
Alva,Ellerton,aellerton3m@washingtonpost.com,Diligence,,,60
Maye,Forrestall,mforrestall3n@webeden.co.uk,Rejected,+48 (118) 597-7311,,10
Carolus,Revening,crevening3o@php.net,Contacted,,,45
Aryn,Culvey,aculvey3p@hugedomains.com,Contacted,+86 (446) 996-5269,,0
Jess,Lohde,jlohde3q@prweb.com,Rejected,,Tambee,0
Kaylee,Caldicott,kcaldicott3r@nps.gov,Contacted,+385 (758) 119-9932,,0
Fabio,Dykas,fdykas3s@boston.com,Diligence,+55 (976) 391-0267,Twitterbeat,0
Berke,Scruby,bscruby3t@ucoz.com,Rejected,+86 (564) 482-0572,,50
Barbi,Blaszczynski,bblaszczynski3u@alibaba.com,Lead,+86 (361) 877-5614,,0
Estell,Howle,ehowle3v@mlb.com,Contacted,,,10
Dene,Ivakhin,divakhin3w@engadget.com,Closed,,Vitz,0
Melisse,Shirtcliffe,mshirtcliffe3x@issuu.com,Rejected,+973 (549) 357-5515,,0
Venus,Wheowall,vwheowall3y@narod.ru,Lead,,,0
Clovis,Comello,ccomello3z@businesswire.com,Rejected,+46 (687) 299-3098,,15
Ginnie,Backs,gbacks40@marketwatch.com,Closed,,,0
Alyse,Vasiljevic,avasiljevic41@google.co.jp,Contacted,+62 (553) 654-6615,Yodoo,0
Enriqueta,Yakuntsov,eyakuntsov42@geocities.jp,Closed,,,0
Feliza,Dederich,fdederich43@mayoclinic.com,Diligence,,,70
Rianon,Simnell,rsimnell44@cisco.com,Rejected,+420 (315) 195-0150,,10
Isiahi,Andreaccio,iandreaccio45@ask.com,Lead,,Bubbletube,55
Nisse,Gallaher,ngallaher46@gnu.org,Diligence,,,5
Nicolle,Balser,nbalser47@google.ca,Rejected,,,90
Jimmie,Truce,jtruce48@sohu.com,Diligence,+54 (367) 305-7421,,65
Elmira,Sweedy,esweedy49@foxnews.com,Lead,+55 (170) 247-6667,,0
Elroy,Raft,eraft4a@discuz.net,Closed,,,15
Jacob,Kirkham,jkirkham4b@cargocollective.com,Diligence,+7 (878) 792-2177,,95
North,Skilling,nskilling4c@squarespace.com,Lead,+502 (419) 911-3144,,75
Georgeta,Dorrance,gdorrance4d@earthlink.net,Contacted,,,0
Patience,Wisden,pwisden4e@topsy.com,Contacted,+48 (416) 184-0291,Voonder,0
Aube,McKyrrelly,amckyrrelly4f@rakuten.co.jp,Closed,,,40
Benji,Artindale,bartindale4g@wp.com,Rejected,,,55
Huey,Sweetlove,hsweetlove4h@moonfruit.com,Closed,,,0
Mill,Minchell,mminchell4i@ebay.co.uk,Diligence,,Jabbersphere,0
Thadeus,Poll,tpoll4j@blogspot.com,Diligence,,,0
Kacey,Vanne,kvanne4k@gmpg.org,Contacted,,,0
Jessie,Clementet,jclementet4l@examiner.com,Closed,+86 (552) 456-5379,,0
Rourke,Pleasaunce,rpleasaunce4m@nationalgeographic.com,Closed,+351 (967) 548-9870,,0
Lucky,Merredy,lmerredy4n@blinklist.com,Lead,,,0
Tracie,Bromell,tbromell4o@nsw.gov.au,Closed,+86 (832) 882-4613,,15
Traci,Creegan,tcreegan4p@jalbum.net,Contacted,+254 (411) 314-8764,,70
Deedee,Walne,dwalne4q@illinois.edu,Closed,+55 (543) 642-9930,,10
Blakelee,Waudby,bwaudby4r@phpbb.com,Contacted,,,0
Judy,Cubitt,jcubitt4s@google.com.au,Lead,+976 (584) 153-9827,,75
Ronna,Marjoram,rmarjoram4t@pagesperso-orange.fr,Contacted,,,85
Candie,Thompkins,cthompkins4u@si.edu,Closed,+33 (822) 638-7417,,0
Ransell,McNabb,rmcnabb4v@hc360.com,Closed,,,0
Victoria,Falkous,vfalkous4w@alibaba.com,Diligence,+48 (886) 748-4219,,5
Chilton,Perritt,cperritt4x@irs.gov,Closed,+86 (699) 388-7079,Yakijo,0
Grethel,McKellar,gmckellar4y@hexun.com,Rejected,,,60
Lydia,Canet,lcanet4z@fda.gov,Rejected,+63 (192) 957-6316,Eidel,75
Laina,Losebie,llosebie50@stanford.edu,Rejected,,Mymm,40
Dulcinea,Roussell,droussell51@state.tx.us,Rejected,,,45
Decca,Kieran,dkieran52@auda.org.au,Closed,+46 (220) 901-1345,,0
Elfrieda,Anglim,eanglim53@mlb.com,Closed,,,0
Alfreda,Box,abox54@thetimes.co.uk,Lead,,,0
Conn,Verrills,cverrills55@narod.ru,Closed,+7 (124) 152-8365,,45
Demetris,Bremmell,dbremmell56@wiley.com,Diligence,+86 (976) 708-9534,,0
Francene,Hards,fhards57@hp.com,Diligence,,Tagcat,0
Vally,Englishby,venglishby58@dmoz.org,Contacted,,,105
Alvina,Tucsell,atucsell59@photobucket.com,Contacted,,Yombu,0
Emyle,Seward,eseward5a@ustream.tv,Contacted,+86 (755) 779-4738,,0
Chryste,Juniper,cjuniper5b@rakuten.co.jp,Rejected,+27 (644) 827-6563,,75
Etta,Pavy,epavy5c@adobe.com,Rejected,+420 (185) 216-8674,,70
Free,Fawcitt,ffawcitt5d@dmoz.org,Lead,+63 (519) 669-3388,,105
Auroora,Emlin,aemlin5e@patch.com,Lead,+234 (605) 986-9259,Livetube,30
Julio,Burfield,jburfield5f@hatena.ne.jp,Contacted,+55 (585) 807-2737,,0
Katherina,Padgett,kpadgett5g@squarespace.com,Diligence,+62 (124) 425-4569,,40
Richmound,Crotty,rcrotty5h@bbc.co.uk,Lead,,,0
Corbin,Swigger,cswigger5i@moonfruit.com,Contacted,,,90
Giffard,Boother,gboother5j@alibaba.com,Contacted,,Tagpad,0
Marrilee,Noor,mnoor5k@seattletimes.com,Diligence,,Wikivu,0
Fielding,Rusted,frusted5l@aboutads.info,Diligence,+62 (427) 551-6049,,0
Kenton,Horbath,khorbath5m@rediff.com,Rejected,,,85
Angela,Duke,aduke5n@discuz.net,Closed,,,90
Charlotte,Newcome,cnewcome5o@jugem.jp,Closed,+51 (706) 316-0420,Voolia,25
Nanci,Marsay,nmarsay5p@guardian.co.uk,Lead,,,90
Craggy,Andriveaux,candriveaux5q@last.fm,Diligence,,,0
Dulcy,Illes,dilles5r@wp.com,Closed,,Riffwire,0
Calley,Macknish,cmacknish5s@t.co,Lead,,,55
Burgess,Linning,blinning5t@statcounter.com,Lead,,,0
Correy,Moulster,cmoulster5u@hibu.com,Rejected,,,0
Wilmer,Whatmough,wwhatmough5v@wsj.com,Rejected,+380 (114) 738-4986,,0
Chiquita,Hallowell,challowell5w@earthlink.net,Rejected,+57 (294) 125-6079,,0
Charlotte,Wanderschek,cwanderschek5x@va.gov,Closed,+380 (816) 501-3709,,0
Jillian,Danovich,jdanovich5y@pagesperso-orange.fr,Contacted,+46 (470) 435-8032,,70
Pearce,Widdecombe,pwiddecombe5z@gnu.org,Contacted,,,0
Roseline,Pickance,rpickance60@jugem.jp,Lead,+235 (999) 704-3534,,0
Eveline,Orrah,eorrah61@meetup.com,Contacted,,,90
Nada,Eustes,neustes62@columbia.edu,Diligence,+509 (707) 426-7953,,0
Rozanna,Greenset,rgreenset63@kickstarter.com,Rejected,+86 (519) 440-9007,Linkbridge,0
Pren,Haestier,phaestier64@sitemeter.com,Contacted,+30 (161) 104-2088,Wordware,0
Charles,Melland,cmelland65@behance.net,Closed,,,0
Gina,Woolforde,gwoolforde66@examiner.com,Lead,+995 (169) 906-5525,,0
Bessie,Brunstan,bbrunstan67@ftc.gov,Lead,,,0
Lyon,Loachhead,lloachhead68@macromedia.com,Rejected,+389 (693) 742-2239,,15
Diarmid,Corby,dcorby69@apache.org,Rejected,+51 (228) 999-5024,,0
Alon,Weson,aweson6a@yahoo.com,Closed,+1 (314) 436-0511,Bubblebox,0
Calvin,Fechnie,cfechnie6b@forbes.com,Rejected,,Zoomlounge,0
Calhoun,Steinson,csteinson6c@stanford.edu,Diligence,,,0
Sisely,Wilkes,swilkes6d@tumblr.com,Rejected,+420 (184) 838-0763,,0
Woodman,Ondricek,wondricek6e@mediafire.com,Rejected,,,15
Suki,Ifill,sifill6f@telegraph.co.uk,Lead,,Realbuzz,25
Hyacinthie,Phelps,hphelps6g@about.me,Diligence,,,0
Tawnya,Knaggs,tknaggs6h@addtoany.com,Contacted,,Meevee,0
Douglas,Trenchard,dtrenchard6i@twitpic.com,Closed,+92 (627) 520-8108,,0
Alexa,Hawkshaw,ahawkshaw6j@exblog.jp,Contacted,+358 (596) 420-8537,,0
Laure,Nozzolii,lnozzolii6k@goo.gl,Diligence,,,0
Jakob,Targett,jtargett6l@wired.com,Contacted,,Topicstorm,0
Torrance,Garbutt,tgarbutt6m@netscape.com,Contacted,,,85
Kiley,McBrearty,kmcbrearty6n@economist.com,Lead,,,0
Avrit,Jakubowsky,ajakubowsky6o@jiathis.com,Rejected,,,0
Deane,Ludgate,dludgate6p@prweb.com,Diligence,,,0
Junette,Cole,jcole6q@java.com,Contacted,,,100
Karisa,Walsh,kwalsh6r@weebly.com,Lead,,,25
Stevana,Di Domenico,sdidomenico6s@angelfire.com,Diligence,,Edgewire,90
Louella,Zapatero,lzapatero6t@csmonitor.com,Rejected,,Babbleblab,0
Ariel,Breslin,abreslin6u@hubpages.com,Diligence,+48 (367) 321-7622,,55
Moselle,Nind,mnind6v@microsoft.com,Rejected,+46 (345) 528-2291,,0
Laure,Jackways,ljackways6w@trellian.com,Lead,+62 (989) 295-7824,,75
Maris,Meale,mmeale6x@sbwire.com,Rejected,,,0
Nicolai,Dahlback,ndahlback6y@multiply.com,Closed,+62 (164) 420-1921,Edgewire,0
Lira,Brame,lbrame6z@ucoz.ru,Diligence,,,40
Sidoney,Laffin,slaffin70@wired.com,Closed,,,0
Reagen,Lefeaver,rlefeaver71@php.net,Rejected,,,0
Emeline,Scallan,escallan72@blogtalkradio.com,Lead,,,0
Beryl,Josofovitz,bjosofovitz73@bravesites.com,Contacted,,,0
Merrill,Casswell,mcasswell74@usnews.com,Lead,,,100
Bat,Mayling,bmayling75@amazon.co.uk,Rejected,,,0
Missy,Devonport,mdevonport76@aol.com,Diligence,,,95
Nathanael,Meldon,nmeldon77@infoseek.co.jp,Diligence,,,30
Delora,Kilmurray,dkilmurray78@jiathis.com,Rejected,,,15
Rollo,Harwood,rharwood79@imgur.com,Contacted,+223 (354) 713-5082,Innotype,20
Mal,Haszard,mhaszard7a@list-manage.com,Contacted,+358 (831) 254-6707,,0
Anna-diane,Dimitrijevic,adimitrijevic7b@nyu.edu,Diligence,,,10
Rickard,Shirland,rshirland7c@economist.com,Diligence,,,0
Forrest,Eales,feales7d@tiny.cc,Contacted,,,0
Loella,Wapol,lwapol7e@privacy.gov.au,Lead,,,65
Ashbey,Aiton,aaiton7f@spiegel.de,Closed,+58 (558) 675-3406,,25
Alasdair,Jope,ajope7g@bandcamp.com,Lead,,Youspan,0
Brigham,Abate,babate7h@sohu.com,Contacted,,,20
Billi,Millward,bmillward7i@ovh.net,Rejected,,,0
Devondra,Peplay,dpeplay7j@dyndns.org,Lead,+62 (127) 269-0413,,75
Arther,Christou,achristou7k@samsung.com,Rejected,,Muxo,0
Shandee,Hukin,shukin7l@berkeley.edu,Contacted,,,0
Janith,Loftie,jloftie7m@virginia.edu,Closed,,,0
Bert,Strattan,bstrattan7n@posterous.com,Rejected,,Linkbridge,0
Ofilia,Pigrome,opigrome7o@wikispaces.com,Lead,+86 (570) 220-9224,Livetube,0
Toddy,Stuckey,tstuckey7p@mediafire.com,Contacted,,,0
Nelle,Bliss,nbliss7q@google.de,Rejected,,,0
Elias,Blaxeland,eblaxeland7r@newsvine.com,Diligence,+86 (986) 601-3893,,0
Neilla,Seys,nseys7s@nhs.uk,Lead,,,20
Daria,Fairlamb,dfairlamb7t@mit.edu,Rejected,+86 (213) 808-7458,Zoovu,80
Ramonda,Ollerhad,rollerhad7u@free.fr,Contacted,+86 (601) 884-4071,,15
Hannah,Bouskill,hbouskill7v@oracle.com,Closed,,,0
Pearle,Gorhardt,pgorhardt7w@state.gov,Closed,,,0
Wren,Romeuf,wromeuf7x@mtv.com,Lead,,Youbridge,40
Clari,Folcarelli,cfolcarelli7y@scribd.com,Contacted,,,0
Brandtr,Sunshine,bsunshine7z@nymag.com,Rejected,+380 (913) 949-7585,Meetz,55
Sandra,Devil,sdevil80@pcworld.com,Contacted,,,25
Lindsay,Happel,lhappel81@reuters.com,Rejected,+7 (894) 810-7975,,0
Holmes,Trenear,htrenear82@chron.com,Lead,,,40
Paola,Dalgardno,pdalgardno83@digg.com,Contacted,+371 (778) 611-1736,,0
Teodora,Truelove,ttruelove84@yelp.com,Contacted,,,0
Patrizio,Lyes,plyes85@hostgator.com,Closed,,Voonder,0
Ivory,O' Donohoe,iodonohoe86@godaddy.com,Rejected,,,70
Aubine,Goreway,agoreway87@sciencedaily.com,Rejected,,,20
Aubrette,Blackmuir,ablackmuir88@paginegialle.it,Closed,,Blogspan,0
Damaris,Voce,dvoce89@vistaprint.com,Rejected,,Vitz,65
Lyndell,Hiskey,lhiskey8a@gravatar.com,Diligence,+351 (553) 483-6202,,0
Earl,Hurndall,ehurndall8b@house.gov,Diligence,,,0
Anderea,Sommerland,asommerland8c@studiopress.com,Lead,+55 (631) 907-6870,Yodel,0
Kristopher,Monkeman,kmonkeman8d@howstuffworks.com,Lead,,,0
Tirrell,Cool,tcool8e@cargocollective.com,Contacted,+212 (366) 980-4810,,0
Ham,Stirrip,hstirrip8f@gizmodo.com,Diligence,,,0
Flossy,Quilleash,fquilleash8g@ustream.tv,Closed,+63 (745) 317-8259,Jayo,0
Lucinda,Berthomieu,lberthomieu8h@forbes.com,Closed,+60 (658) 144-0645,,0
Georgia,Greenmon,ggreenmon8i@facebook.com,Lead,,,85
Clim,McCarron,cmccarron8j@dyndns.org,Closed,,,0
Xaviera,Wendover,xwendover8k@qq.com,Rejected,,,20
Orelee,Collingham,ocollingham8l@hao123.com,Closed,+261 (337) 896-2456,,0
Cally,Fitkin,cfitkin8m@mlb.com,Contacted,,,0
Brendis,Tixall,btixall8n@hp.com,Rejected,,Oyoyo,5
Charlie,Stanlake,cstanlake8o@exblog.jp,Contacted,,,10
Reinwald,Vakhrushin,rvakhrushin8p@cbsnews.com,Closed,+48 (339) 409-4306,,0
Lita,Chidler,lchidler8q@newyorker.com,Diligence,+387 (151) 899-6811,Geba,0
Brandie,Rubinsztein,brubinsztein8r@google.ca,Rejected,,Quimm,0
Brit,Dellenbrok,bdellenbrok8s@ox.ac.uk,Closed,,,0
Pepe,Winton,pwinton8t@dagondesign.com,Diligence,,,0
Bendicty,Mottram,bmottram8u@cornell.edu,Contacted,,,0
Barde,Donati,bdonati8v@ted.com,Contacted,,,60
Doug,Mazdon,dmazdon8w@cpanel.net,Closed,+420 (120) 314-8408,,40
Doria,Pretsell,dpretsell8x@goodreads.com,Diligence,+46 (498) 462-1865,,40
Annie,Coy,acoy8y@google.com.hk,Rejected,+63 (803) 769-0493,,15
Anastassia,Benois,abenois8z@samsung.com,Lead,+675 (732) 836-1158,,50
Sybille,Casetta,scasetta90@soup.io,Contacted,,,0
Chariot,Matteoli,cmatteoli91@illinois.edu,Closed,+66 (978) 769-0537,,0
Masha,Skelhorn,mskelhorn92@fotki.com,Rejected,,Viva,35
Josiah,Terzza,jterzza93@devhub.com,Rejected,+1 (902) 482-9638,Demivee,60
Sherwin,Brikner,sbrikner94@qq.com,Rejected,+86 (922) 791-7957,Topiczoom,0
Dody,Turford,dturford95@usa.gov,Diligence,+218 (693) 965-1544,Camido,0
Sonia,Guinness,sguinness96@sogou.com,Closed,+62 (872) 941-4544,,40
Park,Allam,pallam97@google.com.br,Diligence,,,0
Corey,Frigout,cfrigout98@last.fm,Closed,,Edgetag,0
Antoni,Walkinshaw,awalkinshaw99@smugmug.com,Lead,+46 (314) 846-5903,,0
Gardiner,Patty,gpatty9a@so-net.ne.jp,Lead,,,0
Harrie,Lawrinson,hlawrinson9b@columbia.edu,Contacted,+351 (390) 345-3716,Yadel,0
Mikey,Balm,mbalm9c@ft.com,Lead,,Voolith,0
Nickey,Dewsbury,ndewsbury9d@twitter.com,Rejected,+33 (890) 705-9866,,15
Rae,Andretti,randretti9e@jalbum.net,Contacted,,Yozio,0
Roxana,Wisden,rwisden9f@chicagotribune.com,Lead,,,65
Rogerio,Bygrave,rbygrave9g@squidoo.com,Rejected,,,40
Felic,Kiddie,fkiddie9h@oaic.gov.au,Diligence,,,0
Krissy,Fleay,kfleay9i@smugmug.com,Lead,+86 (807) 210-6074,,0
Wright,Ganford,wganford9j@lycos.com,Diligence,,Aimbo,75
Bordie,Giberd,bgiberd9k@cnn.com,Rejected,,,0
Rhianna,Coverley,rcoverley9l@delicious.com,Closed,,,0
Zackariah,Arnaud,zarnaud9m@over-blog.com,Lead,+46 (554) 720-2913,,0
Elysha,Leavold,eleavold9n@prweb.com,Rejected,+30 (147) 416-6169,Mynte,0
Ophelia,Mallion,omallion9o@wiley.com,Closed,+7 (125) 309-4484,,60
Gaye,Sargeant,gsargeant9p@google.com.au,Contacted,,Skinte,0
Silvie,Padson,spadson9q@intel.com,Closed,+84 (378) 894-1579,Meemm,0
Ilsa,Larver,ilarver9r@earthlink.net,Diligence,,Tanoodle,55
Dion,Durston,ddurston9s@squidoo.com,Lead,+7 (994) 765-6419,Innojam,0
Jervis,Loukes,jloukes9t@bandcamp.com,Closed,,,80
Meghann,Michael,mmichael9u@xinhuanet.com,Closed,,,0
Aveline,Pringuer,apringuer9v@hubpages.com,Contacted,+7 (675) 688-0558,,105
Teddy,Beebis,tbeebis9w@imdb.com,Rejected,+47 (175) 857-7988,,10
Kiah,Tullett,ktullett9x@unesco.org,Rejected,,,80
Valaree,Garraway,vgarraway9y@acquirethisname.com,Lead,+86 (313) 892-3156,,0
Normy,Batrip,nbatrip9z@cafepress.com,Closed,,Thoughtstorm,15
Vivi,Buttner,vbuttnera0@springer.com,Diligence,+380 (215) 784-2612,,0
Beck,Heijne,bheijnea1@de.vu,Closed,+62 (165) 504-8180,,0
Delmor,Skottle,dskottlea2@slideshare.net,Closed,,Realcube,45
Kimberley,Dullard,kdullarda3@omniture.com,Contacted,,,0
Zachery,Jumonet,zjumoneta4@google.it,Lead,+57 (289) 603-4166,Pixoboo,75
Claudio,Barthelmes,cbarthelmesa5@utexas.edu,Contacted,+504 (127) 114-7016,,100
Loretta,Scriver,lscrivera6@icq.com,Diligence,,Mydeo,0
Caryn,Form,cforma7@pinterest.com,Closed,,,0
Kali,Shernock,kshernocka8@hugedomains.com,Rejected,+27 (810) 682-9486,,55
Arri,McGrirl,amcgrirla9@msn.com,Contacted,+54 (746) 290-1976,,100
Michel,Smithies,msmithiesaa@cpanel.net,Closed,+86 (991) 330-9916,Meeveo,0
Malinde,O'Sheils,mosheilsab@odnoklassniki.ru,Rejected,+234 (816) 269-4653,,0
Sullivan,Kerne,skerneac@qq.com,Contacted,+86 (157) 174-2758,,0
Julianna,Tunnicliffe,jtunnicliffead@list-manage.com,Lead,,,0
Myriam,Whyke,mwhykeae@dyndns.org,Rejected,,,90
Grace,Yatman,gyatmanaf@dedecms.com,Contacted,,,0
Farrell,Wasbrough,fwasbroughag@goo.gl,Rejected,+966 (836) 534-4082,,45
Ellissa,Balser,ebalserah@deviantart.com,Closed,,,0
Jasmina,Whiffen,jwhiffenai@cyberchimps.com,Closed,,Meevee,90
Janene,Oldroyde,joldroydeaj@redcross.org,Lead,,,0
Alexis,Mueller,amuellerak@homestead.com,Lead,,,0
Tobe,Cahen,tcahenal@squarespace.com,Lead,,Jayo,0
Dar,Bamlett,dbamlettam@mysql.com,Rejected,,,20
Rebeka,Warbeys,rwarbeysan@list-manage.com,Rejected,+380 (906) 733-0332,,0
Klara,Greest,kgreestao@utexas.edu,Diligence,,,80
Olivero,Fesby,ofesbyap@google.com.hk,Contacted,,Skinix,0
Kipper,Chanter,kchanteraq@networkadvertising.org,Contacted,,,0
Sonni,Haslehurst,shaslehurstar@mtv.com,Contacted,,,0
Gerianne,Dungay,gdungayas@cdbaby.com,Contacted,,,0
Kareem,Spraging,kspragingat@huffingtonpost.com,Lead,,Plambee,100
Shelba,Calkin,scalkinau@prnewswire.com,Lead,,,0
Jackqueline,Chatburn,jchatburnav@reverbnation.com,Lead,,,0
Willa,Treneer,wtreneeraw@apple.com,Rejected,+86 (292) 144-4965,,0
Lodovico,Mahy,lmahyax@mlb.com,Contacted,+86 (306) 974-7088,,0
Moshe,MacIlraith,mmacilraithay@cyberchimps.com,Rejected,,,0
Rufus,Dobrowski,rdobrowskiaz@people.com.cn,Closed,,Roombo,0
Lucille,Highton,lhightonb0@digg.com,Contacted,,,0
Jammie,Mulbery,jmulberyb1@ustream.tv,Closed,,,0
Odilia,Izkovici,oizkovicib2@discovery.com,Diligence,+54 (236) 673-3278,,25
Yance,Storre,ystorreb3@parallels.com,Rejected,,,0
Zelig,Blader,zbladerb4@bbc.co.uk,Closed,,,45
Brigitta,Kirwin,bkirwinb5@squidoo.com,Lead,+86 (542) 734-0881,,0
Sheila-kathryn,Kitching,skitchingb6@networksolutions.com,Contacted,,Innojam,0
Brande,Stiffkins,bstiffkinsb7@dyndns.org,Rejected,+62 (718) 949-9458,,0
Helena,Lindenstrauss,hlindenstraussb8@vinaora.com,Rejected,+63 (205) 695-6907,,0
Edna,Plevey,epleveyb9@nih.gov,Closed,,,0
Nike,Hartles,nhartlesba@baidu.com,Contacted,+595 (124) 583-9558,Browseblab,0
Zared,Davana,zdavanabb@washingtonpost.com,Diligence,+387 (729) 785-0756,Yombu,0
Elianora,Ohlsen,eohlsenbc@nationalgeographic.com,Contacted,,,70
Mylo,Gebhardt,mgebhardtbd@comsenz.com,Closed,,Flipbug,0
Junie,Mitskevich,jmitskevichbe@weibo.com,Contacted,,,0
Trenna,Mandrake,tmandrakebf@umn.edu,Rejected,,,0
Jedd,McCallam,jmccallambg@flavors.me,Diligence,+57 (634) 201-4617,Gabtune,0
Arther,Feehery,afeeherybh@bbc.co.uk,Lead,,,95
Bruno,Andrez,bandrezbi@sphinn.com,Closed,,,0
Thatch,McIlriach,tmcilriachbj@techcrunch.com,Rejected,,,0
Granthem,Windus,gwindusbk@issuu.com,Contacted,,,0
Kendre,Dofty,kdoftybl@cocolog-nifty.com,Lead,,,95
Shalne,Kemwal,skemwalbm@sbwire.com,Diligence,,,105
Alexandros,Matic,amaticbn@ucoz.com,Closed,+57 (944) 568-0571,,0
Anastassia,Shave,ashavebo@nih.gov,Lead,,,0
Letta,Falkous,lfalkousbp@stumbleupon.com,Rejected,,,0
Robbyn,Grivori,rgrivoribq@mozilla.org,Closed,+1 (919) 897-9448,,65
Finn,Fetter,ffetterbr@shutterfly.com,Diligence,,,0
Nikki,Barnaby,nbarnabybs@ca.gov,Closed,,,25
Julius,Follett,jfollettbt@addthis.com,Diligence,,,0
Darlene,Robertson,drobertsonbu@tamu.edu,Rejected,+504 (723) 482-1203,,85
Darbie,Griggs,dgriggsbv@ow.ly,Rejected,+30 (350) 907-2372,,0
Burty,Dairton,bdairtonbw@narod.ru,Contacted,,Jaxnation,0
Pen,Ickowics,pickowicsbx@so-net.ne.jp,Rejected,,,0
Amanda,Bellfield,abellfieldby@geocities.jp,Rejected,,,0
Kylen,Blondelle,kblondellebz@census.gov,Contacted,,Rhybox,105
Letty,Roache,lroachec0@stanford.edu,Lead,,,25
Orren,Fernley,ofernleyc1@paypal.com,Diligence,+86 (755) 916-8933,,45
Waverley,Ratledge,wratledgec2@nhs.uk,Diligence,+62 (599) 959-6040,,70
Kaleb,Fall,kfallc3@ask.com,Contacted,,,90
Tressa,Gamlin,tgamlinc4@wikimedia.org,Closed,,,0
Quinta,Pawlyn,qpawlync5@google.fr,Contacted,,,0
Clair,Frill,cfrillc6@illinois.edu,Closed,+86 (784) 167-0170,,0
Tildi,Moorhead,tmoorheadc7@sbwire.com,Rejected,+1 (317) 429-5154,,0
Magda,Borrott,mborrottc8@dailymotion.com,Rejected,+63 (156) 737-5916,Rhybox,0
Mariska,Ramsby,mramsbyc9@alexa.com,Contacted,,,50
Tonya,Wark,twarkca@yandex.ru,Rejected,,,90
Calvin,Dorin,cdorincb@ft.com,Closed,+48 (341) 937-7840,,0
Lars,Millin,lmillincc@wikimedia.org,Lead,+30 (334) 746-6239,,0
Bernadine,Dilawey,bdilaweycd@ustream.tv,Closed,+86 (174) 521-5175,,35
Cam,Warboy,cwarboyce@youku.com,Closed,,,0
Marcelia,Vass,mvasscf@technorati.com,Lead,+48 (793) 360-9567,,0
Maribelle,Roullier,mroulliercg@w3.org,Diligence,,,105
Ysabel,Kaine,ykainech@squidoo.com,Lead,+62 (900) 647-9001,Dabshots,0
Ferris,Pulver,fpulverci@businesswire.com,Rejected,+1 (744) 426-9385,,60
Lexine,Woolliams,lwoolliamscj@narod.ru,Closed,+84 (224) 293-2156,,5
Arda,Yglesias,ayglesiasck@businessinsider.com,Closed,,,40
Renelle,Giacomozzo,rgiacomozzocl@thetimes.co.uk,Rejected,,,0
Eunice,Moysey,emoyseycm@home.pl,Lead,+86 (864) 787-6817,,35
Wright,Winear,wwinearcn@ustream.tv,Contacted,+86 (232) 690-0407,,90
Scarlett,Cavendish,scavendishco@huffingtonpost.com,Lead,+7 (859) 166-9972,,0
Charmane,Blackborn,cblackborncp@cam.ac.uk,Contacted,,,0
Germayne,Kleinsmuntz,gkleinsmuntzcq@icq.com,Lead,,,0
Daren,Begley,dbegleycr@indiegogo.com,Diligence,+502 (288) 345-9315,,0
Wilmer,Pfaffel,wpfaffelcs@si.edu,Lead,,Mydo,0
Ulrica,Greveson,ugrevesonct@wired.com,Rejected,,,0
Eugen,Yarranton,eyarrantoncu@clickbank.net,Rejected,+30 (655) 634-8888,,0
Dew,Gianolo,dgianolocv@newyorker.com,Diligence,,Tazz,0
Vanna,Sinnott,vsinnottcw@aboutads.info,Diligence,+255 (740) 425-4759,,0
Sharona,Brookes,sbrookescx@nyu.edu,Lead,,,75
Bryana,Wyrill,bwyrillcy@cdc.gov,Closed,+63 (647) 733-9197,Babbleopia,0
Dulsea,Heathorn,dheathorncz@studiopress.com,Closed,,,90
Eulalie,Boissier,eboissierd0@nationalgeographic.com,Rejected,+7 (214) 776-6098,,75
Marnie,Brameld,mbrameldd1@washingtonpost.com,Closed,+992 (217) 558-1420,,45
Christy,Blanckley,cblanckleyd2@arizona.edu,Contacted,,,0
Matelda,Viveash,mviveashd3@cbslocal.com,Diligence,+66 (576) 480-5554,Topicstorm,60
Gallagher,Hasney,ghasneyd4@purevolume.com,Contacted,+7 (580) 835-8044,Gabcube,0
Ferdinande,Kybbye,fkybbyed5@booking.com,Lead,,Photojam,100
Kelila,Follows,kfollowsd6@free.fr,Contacted,,,0
Valenka,Scottini,vscottinid7@reddit.com,Contacted,,,0
Robbin,Sybbe,rsybbed8@imdb.com,Lead,,,40
Belinda,Jeenes,bjeenesd9@mit.edu,Closed,,,0
Hannis,Gertz,hgertzda@w3.org,Rejected,+53 (163) 587-4369,,20
Hale,Mignot,hmignotdb@reddit.com,Rejected,,,0
Raye,Aubray,raubraydc@prnewswire.com,Lead,,,40
Ebba,O'Neal,eonealdd@google.cn,Contacted,,,0
Bran,McCritichie,bmccritichiede@arstechnica.com,Rejected,,,70
Madelene,Paulus,mpaulusdf@wix.com,Rejected,,,100
Karia,Eagles,keaglesdg@comsenz.com,Lead,,,70
Jaye,Krause,jkrausedh@arstechnica.com,Closed,,,0
Arv,Moir,amoirdi@t-online.de,Lead,,Jaxbean,0
Jamima,Raynard,jraynarddj@arstechnica.com,Closed,,Jaxworks,0
Elroy,Beckford,ebeckforddk@ibm.com,Rejected,,Digitube,0
Friedrick,Haugeh,fhaugehdl@blog.com,Closed,,,5
Samaria,Romi,sromidm@rediff.com,Lead,,,50
Holly,McKoy,hmckoydn@etsy.com,Closed,,,0
Danita,Crafter,dcrafterdo@freewebs.com,Closed,,,35
Pieter,Hornung,phornungdp@bbc.co.uk,Diligence,+86 (988) 820-0935,,90
Jackson,Bossons,jbossonsdq@plala.or.jp,Lead,,,70
Mikkel,Grayshan,mgrayshandr@whitehouse.gov,Rejected,,,95
Ursa,Shadfourth,ushadfourthds@imageshack.us,Contacted,,,70
Ole,Hayselden,ohayseldendt@xrea.com,Lead,,,0
Orren,Sworder,osworderdu@sciencedirect.com,Contacted,+7 (880) 447-9504,,25
Gerick,Woodroffe,gwoodroffedv@ow.ly,Diligence,,Gigashots,80
Brock,McCulley,bmcculleydw@parallels.com,Diligence,,,45
Guntar,Ruppeli,gruppelidx@virginia.edu,Lead,+234 (950) 956-7165,,50
Umeko,Keitch,ukeitchdy@cdc.gov,Closed,,,85
Jori,Porritt,jporrittdz@fc2.com,Diligence,+86 (660) 177-0890,Dynava,0
Rouvin,Cowle,rcowlee0@businessweek.com,Diligence,,,0
Auria,Sanja,asanjae1@meetup.com,Contacted,+351 (165) 653-9065,,0
Karlene,Harvison,kharvisone2@time.com,Contacted,+7 (696) 957-5098,,100
Hendrik,Lingley,hlingleye3@state.gov,Contacted,,,55
Philis,Houlston,phoulstone4@patch.com,Contacted,+998 (238) 804-5727,,65
Carmelita,Marconi,cmarconie5@cbsnews.com,Lead,,,0
Corrie,McClurg,cmcclurge6@quantcast.com,Diligence,,,0
Jewell,Mayne,jmaynee7@thetimes.co.uk,Rejected,,,0
Aridatha,Dedenham,adedenhame8@buzzfeed.com,Rejected,,,0
Tonye,Duxbarry,tduxbarrye9@ustream.tv,Lead,,Quatz,0
Corrianne,Tetford,ctetfordea@phpbb.com,Lead,+385 (932) 134-1431,,50
Iorgo,Gallihawk,igallihawkeb@unblog.fr,Rejected,,,65
Martguerita,Casa,mcasaec@icio.us,Rejected,,,0
Orel,Baldacco,obaldaccoed@accuweather.com,Rejected,,,10
Idalia,Veivers,iveiversee@booking.com,Diligence,,,45
Ambrosi,Alesin,aalesinef@chicagotribune.com,Closed,,,0
Denna,Boone,dbooneeg@fotki.com,Lead,,Vinte,0
Gabi,Jerams,gjeramseh@paypal.com,Rejected,,,70
Blondell,Thew,bthewei@mac.com,Lead,,,0
Marnia,Madge,mmadgeej@ehow.com,Contacted,+48 (633) 478-1466,,0
Stacie,Tonks,stonksek@bloomberg.com,Lead,,Gigashots,0
Calhoun,Chirm,cchirmel@miibeian.gov.cn,Rejected,,,0
Juli,Cornillot,jcornillotem@cbsnews.com,Rejected,+63 (566) 212-2476,Wikibox,0
Bobbye,Zanazzi,bzanazzien@blogtalkradio.com,Closed,+49 (141) 537-8454,,0
Elicia,Bortoloni,ebortolonieo@lulu.com,Closed,,,45
Fin,Hosburn,fhosburnep@reverbnation.com,Lead,+351 (259) 606-9809,,105
Kerr,Moggach,kmoggacheq@github.com,Closed,,,35
Delainey,Lorie,dlorieer@bloglovin.com,Rejected,+7 (778) 983-1529,,30
Camala,Josephsen,cjosephsenes@mediafire.com,Contacted,,,0
Gianina,Graal,ggraalet@tumblr.com,Contacted,+86 (804) 479-8190,Vimbo,0
Field,Giampietro,fgiampietroeu@illinois.edu,Closed,+93 (667) 819-3632,,15
Melvyn,Sidworth,msidworthev@tiny.cc,Diligence,,,0
Fawn,Newvill,fnewvillew@oakley.com,Diligence,+31 (881) 679-6398,,0
Lonnie,Cestard,lcestardex@dion.ne.jp,Rejected,,Centimia,0
Daryl,MacLachlan,dmaclachlaney@angelfire.com,Rejected,+1 (516) 161-5428,Thoughtstorm,0
Hyacinthe,Coniff,hconiffez@xrea.com,Closed,,,0
Venita,Pucknell,vpucknellf0@ox.ac.uk,Rejected,,,0
Berry,Feasby,bfeasbyf1@ftc.gov,Contacted,,,0
Berthe,Sporton,bsportonf2@archive.org,Contacted,,Meevee,0
Cull,Colliard,ccolliardf3@hexun.com,Lead,+504 (870) 496-0144,,0
Stephen,Towse,stowsef4@cdbaby.com,Closed,,,10
Lazare,Geaveny,lgeavenyf5@huffingtonpost.com,Lead,,,0
Gilberta,Colleck,gcolleckf6@soundcloud.com,Rejected,+62 (656) 601-0398,,0
Marlo,Urquhart,murquhartf7@trellian.com,Lead,,,0
Myrna,Rosendall,mrosendallf8@shutterfly.com,Lead,+60 (215) 979-0254,,0
Kelley,Burdass,kburdassf9@dailymotion.com,Contacted,,,100
Lamond,Belderson,lbeldersonfa@mashable.com,Lead,+56 (490) 826-8071,,0
Henrieta,Josiah,hjosiahfb@si.edu,Contacted,+670 (305) 333-7676,,0
Milissent,Campa,mcampafc@homestead.com,Rejected,+7 (171) 168-4825,,105
Lonnard,Castri,lcastrifd@51.la,Closed,,,0
Mariele,Bockh,mbockhfe@thetimes.co.uk,Closed,,Flashset,0
Isador,McNysche,imcnyscheff@ucla.edu,Lead,+1 (617) 108-7010,Buzzbean,0
Leopold,Klosterman,lklostermanfg@xinhuanet.com,Diligence,+351 (309) 799-9547,,0
Liesa,Crosser,lcrosserfh@nymag.com,Lead,+86 (287) 128-8192,,25
Marion,Machan,mmachanfi@zimbio.com,Contacted,,,25
Banky,MacNeish,bmacneishfj@jimdo.com,Diligence,+54 (172) 598-9600,Photospace,0
Sheffy,McNern,smcnernfk@un.org,Rejected,,,10
Alfie,Bines,abinesfl@oaic.gov.au,Diligence,,,80
Randall,Burhill,rburhillfm@slate.com,Rejected,,,0
Kary,Trenear,ktrenearfn@twitter.com,Diligence,+86 (770) 723-0295,,0
Glenn,Southerell,gsoutherellfo@livejournal.com,Contacted,,,0
Alta,Callen,acallenfp@msn.com,Contacted,+375 (109) 850-3211,Wikizz,0
Monroe,Spencley,mspencleyfq@reverbnation.com,Contacted,+48 (867) 783-2815,,0
Rana,Pandey,rpandeyfr@xinhuanet.com,Rejected,+51 (293) 627-3502,,0
Aristotle,Wolters,awoltersfs@bluehost.com,Closed,,,0
Sal,Severwright,sseverwrightft@indiegogo.com,Diligence,,,0
Edan,Lattimore,elattimorefu@slate.com,Contacted,+86 (358) 743-2534,Meembee,0
Sigismondo,Taudevin,staudevinfv@unesco.org,Diligence,,,55
Iolande,Digger,idiggerfw@opera.com,Contacted,+7 (767) 697-0707,,0
Stanislas,Abendroth,sabendrothfx@nyu.edu,Lead,,,0
Sasha,Cass,scassfy@noaa.gov,Contacted,+504 (676) 636-5401,Lazz,100
Arron,Fidgeon,afidgeonfz@ovh.net,Contacted,,,0
Dario,Mandres,dmandresg0@nationalgeographic.com,Diligence,,,0
Alis,Cliffe,acliffeg1@reverbnation.com,Contacted,+86 (524) 594-7908,,0
Nels,Filip,nfilipg2@jigsy.com,Lead,,Dabvine,100
Tobias,Bellsham,tbellshamg3@jimdo.com,Contacted,,,0
Rubetta,Corrado,rcorradog4@xing.com,Diligence,+48 (897) 358-8532,,0
Hillery,MacMenemy,hmacmenemyg5@lulu.com,Lead,,,15
Percy,Steljes,psteljesg6@ucoz.ru,Closed,,,0
Zed,Bogace,zbogaceg7@lycos.com,Lead,,,0
Holly,Lampens,hlampensg8@dagondesign.com,Lead,+62 (623) 591-3443,,0
Abbie,Nissle,anissleg9@sun.com,Rejected,,,45
Paulette,Baunton,pbauntonga@reddit.com,Lead,+84 (174) 644-7359,,0
Briano,Scholig,bscholiggb@issuu.com,Closed,+48 (249) 385-3862,,0
Anetta,Delatour,adelatourgc@webnode.com,Rejected,,,0
Gareth,Bugdell,gbugdellgd@yelp.com,Lead,,,75
Barnaby,Betteson,bbettesonge@furl.net,Closed,,,0
Petrina,Brockie,pbrockiegf@apple.com,Rejected,,Skimia,0
Vasili,Nancarrow,vnancarrowgg@alibaba.com,Diligence,+63 (514) 223-2333,,30
Robinet,Dubery,rduberygh@issuu.com,Lead,,,0
Milissent,Penchen,mpenchengi@creativecommons.org,Closed,,,0
Feliks,Cullivan,fcullivangj@cnet.com,Closed,,,0
Ernie,Metts,emettsgk@simplemachines.org,Contacted,,Fivespan,0
Elana,Guppy,eguppygl@whitehouse.gov,Diligence,,Eadel,30
Wilfred,Densell,wdensellgm@flavors.me,Lead,,,25
Erhart,Thrussell,ethrussellgn@a8.net,Rejected,+63 (646) 548-1661,,75
Toby,Bucknill,tbucknillgo@sun.com,Rejected,+86 (378) 558-6270,,0
Arlin,Mostyn,amostyngp@drupal.org,Lead,+33 (641) 775-2563,,10
Auria,Copplestone,acopplestonegq@mlb.com,Closed,,,0
Dierdre,Seignior,dseigniorgr@soundcloud.com,Lead,+380 (657) 433-6233,,0
Odelle,McQuarter,omcquartergs@washingtonpost.com,Lead,,,0
Erek,Lesser,elessergt@delicious.com,Diligence,,Vidoo,0
Brig,Goodlet,bgoodletgu@usgs.gov,Lead,+30 (965) 105-3497,,0
Lauraine,Harwick,lharwickgv@ihg.com,Diligence,+7 (325) 574-3970,,0
Sybilla,Defau,sdefaugw@cbslocal.com,Diligence,+7 (187) 668-7171,,0
Arni,Domoney,adomoneygx@businessinsider.com,Closed,,,25
Obadias,Benettini,obenettinigy@apache.org,Lead,,,0
Neill,Ainscough,nainscoughgz@xing.com,Lead,,Thoughtblab,0
Holly-anne,Antrack,hantrackh0@virginia.edu,Lead,,Devpoint,0
Ginelle,Gokes,ggokesh1@illinois.edu,Diligence,,,0
Cori,Townshend,ctownshendh2@alexa.com,Closed,+63 (767) 462-3874,,0
Petunia,Esland,peslandh3@elegantthemes.com,Diligence,+55 (179) 601-3445,,40
Kennan,Pockett,kpocketth4@utexas.edu,Diligence,,,15
Cassy,Blenkinsop,cblenkinsoph5@hp.com,Diligence,,Tagcat,0
Lauretta,De'Vere - Hunt,ldeverehunth6@google.com.br,Lead,,,0
Andy,Ogg,aoggh7@twitpic.com,Closed,,Lazzy,0
Reena,Whapples,rwhapplesh8@yolasite.com,Lead,+46 (734) 889-1133,,0
Nat,Climance,nclimanceh9@amazon.com,Rejected,,,35
Gale,Leckey,gleckeyha@plala.or.jp,Rejected,,Youfeed,30
Nancee,Kender,nkenderhb@who.int,Contacted,+256 (499) 806-4142,,105
Krystal,Asman,kasmanhc@chronoengine.com,Rejected,,,60
Andros,Velti,aveltihd@paypal.com,Closed,+52 (165) 131-4750,,0
Rachel,Chessor,rchessorhe@cargocollective.com,Contacted,,,0
Tonya,Lighterness,tlighternesshf@earthlink.net,Diligence,+33 (456) 536-8098,,0
Julita,Kybbye,jkybbyehg@slideshare.net,Rejected,,,85
Eugenie,Elcy,eelcyhh@networksolutions.com,Contacted,,Eazzy,0
Terza,Meuse,tmeusehi@usda.gov,Rejected,,,0
Vanny,Furnival,vfurnivalhj@theglobeandmail.com,Lead,+591 (303) 197-6918,,15
Ardith,Desvignes,adesvigneshk@house.gov,Closed,,,20
Witty,Attenbarrow,wattenbarrowhl@hibu.com,Closed,,,10
Ruddie,Melville,rmelvillehm@friendfeed.com,Contacted,,,30
Dev,Daniaud,ddaniaudhn@msu.edu,Diligence,,Blognation,45
Junia,Dreamer,jdreamerho@fema.gov,Closed,+55 (858) 578-3188,Jabbertype,20
Aileen,Featherstonhaugh,afeatherstonhaughhp@gov.uk,Lead,,Flipstorm,85
Sallee,Bool,sboolhq@gmpg.org,Rejected,+385 (392) 839-9040,,0
Issie,Florence,iflorencehr@over-blog.com,Diligence,+351 (364) 750-6712,,90
Sonny,Ogers,sogershs@mtv.com,Diligence,,,0
Henrik,Agostini,hagostiniht@europa.eu,Closed,,,0
Merlina,Gillyett,mgillyetthu@washington.edu,Rejected,+66 (741) 293-5714,,0
Tristan,Hazley,thazleyhv@spiegel.de,Lead,+63 (218) 986-2461,,0
Dalton,Lord,dlordhw@dell.com,Lead,+48 (595) 627-0899,,0
Michael,Venney,mvenneyhx@typepad.com,Diligence,,,0
Avictor,Cuerdall,acuerdallhy@usa.gov,Rejected,,Buzzster,0
Jelene,Lankester,jlankesterhz@dot.gov,Contacted,+502 (489) 159-7425,,0
Lula,Paige,lpaigei0@msu.edu,Contacted,,,0
Gregory,Upstell,gupstelli1@gnu.org,Lead,,Yotz,30
Austine,Vasyutkin,avasyutkini2@phpbb.com,Rejected,,,0
Dalli,Crevy,dcrevyi3@discuz.net,Contacted,+55 (925) 748-1788,,0
Kristo,Middleweek,kmiddleweeki4@meetup.com,Contacted,+54 (134) 664-7768,,5
Drusie,Sheering,dsheeringi5@mapy.cz,Contacted,+7 (513) 375-4756,,90
Fabiano,Becke,fbeckei6@alibaba.com,Lead,,,0
Allyce,Wrack,awracki7@artisteer.com,Contacted,,Bubbletube,0
Pedro,Cheasman,pcheasmani8@techcrunch.com,Contacted,,Riffpedia,0
Rosabel,Yankeev,ryankeevi9@4shared.com,Diligence,,,90
Lorry,Cultcheth,lcultchethia@gnu.org,Contacted,,,0
Giulia,Shulem,gshulemib@istockphoto.com,Contacted,+86 (366) 303-6916,,0
Waldemar,Berns,wbernsic@seattletimes.com,Rejected,,,65
Vinnie,Spearett,vspearettid@oakley.com,Contacted,+221 (555) 680-9159,,60
Joyous,Gascard,jgascardie@skype.com,Rejected,+51 (744) 574-5837,,105
Harvey,Schumacher,hschumacherif@artisteer.com,Rejected,,,50
Felipe,Kacheller,fkachellerig@wikispaces.com,Diligence,+1 (729) 685-9096,,25
Menard,Plinck,mplinckih@naver.com,Diligence,,,0
Marieann,Whiteway,mwhitewayii@yahoo.com,Rejected,,Gigabox,0
Francisco,McCollum,fmccollumij@guardian.co.uk,Lead,,Oodoo,0
Egan,Blouet,eblouetik@goo.gl,Rejected,+63 (178) 908-7740,,0
Rudolfo,Copas,rcopasil@freewebs.com,Lead,,,0
Krisha,Heephy,kheephyim@oracle.com,Closed,+86 (748) 898-3163,,0
Nicolea,Lanfear,nlanfearin@hhs.gov,Closed,,,85
Garrard,Cheese,gcheeseio@hp.com,Closed,+387 (500) 825-1790,,65
Brunhilda,Brandi,bbrandiip@surveymonkey.com,Rejected,+374 (577) 962-8557,Fadeo,0
Christie,Ribbens,cribbensiq@ucoz.ru,Contacted,+86 (735) 749-1475,,0
Simon,Gipps,sgippsir@google.nl,Closed,,,0
Oswell,Lillgard,olillgardis@edublogs.org,Diligence,+62 (175) 719-9594,Kanoodle,0
Lorine,Peter,lpeterit@harvard.edu,Contacted,,,0
Miguela,Rennocks,mrennocksiu@stumbleupon.com,Closed,+7 (724) 691-7277,,0
Donaugh,Abotson,dabotsoniv@psu.edu,Lead,+62 (151) 238-2882,,0
Yolande,Santello,ysantelloiw@cam.ac.uk,Lead,,Plambee,65
Nikolos,Scarsbrick,nscarsbrickix@wix.com,Contacted,,,0
Shannan,Rusling,sruslingiy@google.pl,Closed,+62 (599) 281-5256,,0
Martainn,Ranscomb,mranscombiz@weibo.com,Closed,+1 (347) 574-6783,Meeveo,85
Vasily,Abyss,vabyssj0@netlog.com,Lead,,Quatz,0
Hildegarde,Foxall,hfoxallj1@gov.uk,Rejected,,,0
Hillery,Tommaseo,htommaseoj2@hp.com,Closed,,,105
Darwin,Dan,ddanj3@imageshack.us,Contacted,,Zoonder,0
Errick,McCall,emccallj4@mediafire.com,Closed,,,20
Karlie,Longdon,klongdonj5@desdev.cn,Closed,,,0
Marieann,Sives,msivesj6@wikimedia.org,Rejected,+62 (717) 409-2882,,0
Riordan,Garbar,rgarbarj7@oaic.gov.au,Lead,,,55
Veda,Le Grys,vlegrysj8@multiply.com,Closed,,,0
Law,Reddyhoff,lreddyhoffj9@symantec.com,Closed,,,0
Raquela,Scryne,rscryneja@springer.com,Rejected,+93 (107) 283-4720,,5
Rustin,Philipeau,rphilipeaujb@rakuten.co.jp,Closed,+86 (296) 976-9547,,10
Chen,Ghidotti,cghidottijc@google.ru,Lead,+32 (811) 642-4894,,0
Dorolice,Deighton,ddeightonjd@blogspot.com,Closed,,,0
Willamina,Tomczak,wtomczakje@ezinearticles.com,Closed,+48 (181) 702-2269,,0
Salome,Dorgon,sdorgonjf@etsy.com,Contacted,,Oozz,0
Winne,Wudeland,wwudelandjg@cnbc.com,Contacted,+86 (352) 761-1050,,0
Lanita,Chipchase,lchipchasejh@uiuc.edu,Rejected,+226 (362) 605-1737,,90
Padgett,McPake,pmcpakeji@pcworld.com,Contacted,,Thoughtstorm,50
Larissa,Facey,lfaceyjj@infoseek.co.jp,Contacted,,,40
Harwell,Legg,hleggjk@icq.com,Diligence,+54 (838) 265-0218,,0
Angelico,Fowle,afowlejl@ameblo.jp,Closed,,,25
Reine,Ferrillio,rferrilliojm@xing.com,Lead,,,0
Law,Minton,lmintonjn@cpanel.net,Rejected,,,0
Teirtza,Frane,tfranejo@booking.com,Rejected,,,35
Ursula,Learoid,ulearoidjp@aboutads.info,Closed,+1 (405) 334-4789,Roodel,0
Bambi,Aubri,baubrijq@sogou.com,Closed,+351 (540) 765-4316,,30
Towny,Leming,tlemingjr@hp.com,Rejected,,,0
Mari,Wardesworth,mwardesworthjs@fastcompany.com,Lead,+57 (651) 319-1299,,0
Imogen,Edds,ieddsjt@rakuten.co.jp,Lead,,,50
Nadean,Greenaway,ngreenawayju@state.tx.us,Diligence,+86 (413) 465-8875,,60
Brita,Beven,bbevenjv@liveinternet.ru,Contacted,,,30
Tiffi,Peagrim,tpeagrimjw@blogs.com,Rejected,,,0
Minna,Couser,mcouserjx@biglobe.ne.jp,Contacted,,,0
Marley,Heinritz,mheinritzjy@theglobeandmail.com,Closed,,Eimbee,0
Beatriz,Ortega,bortegajz@redcross.org,Diligence,,,0
Giorgio,Staton,gstatonk0@blog.com,Contacted,,Plajo,35
Tab,Oldknow,toldknowk1@hhs.gov,Closed,,,30
Agace,Gerssam,agerssamk2@mozilla.org,Rejected,,,85
Ardath,Perryn,aperrynk3@biblegateway.com,Contacted,,,80
Flossi,Giacoppoli,fgiacoppolik4@si.edu,Lead,,,0
Lucilia,Eriksson,lerikssonk5@usda.gov,Contacted,+225 (283) 419-6725,Tagopia,0
Saunder,Stockdale,sstockdalek6@cbslocal.com,Closed,,,55
Rocky,Nappin,rnappink7@moonfruit.com,Contacted,,,0
Kerrill,Saker,ksakerk8@shareasale.com,Lead,,,55
Riobard,Baumford,rbaumfordk9@apple.com,Lead,,Innojam,0
Darleen,MacSwayde,dmacswaydeka@umich.edu,Rejected,,Fanoodle,0
Buddy,Faughny,bfaughnykb@google.com.br,Lead,,,85
Dorotea,Phipp,dphippkc@slideshare.net,Diligence,+86 (914) 767-4916,Fivespan,0
Abramo,Lidgard,alidgardkd@cafepress.com,Lead,+48 (306) 150-6138,Avavee,0
Abelard,Chater,achaterke@wikispaces.com,Lead,+351 (587) 266-3062,,0
Norry,Greenrod,ngreenrodkf@squarespace.com,Closed,,,0
Obadias,Colchett,ocolchettkg@friendfeed.com,Diligence,,,0
Paige,Shalloo,pshallookh@accuweather.com,Closed,,,100
Clark,McQueen,cmcqueenki@imgur.com,Lead,,Fanoodle,0
Arden,Dakhno,adakhnokj@google.cn,Lead,,,0
Luella,Bosher,lbosherkk@xing.com,Closed,+86 (520) 663-4324,Dynazzy,0
Ester,Giacoppoli,egiacoppolikl@usnews.com,Closed,+27 (436) 750-1680,Skyvu,10
Liliane,Demer,ldemerkm@dagondesign.com,Diligence,+7 (994) 192-3944,,75
Chrissie,Standfield,cstandfieldkn@pcworld.com,Rejected,+351 (727) 861-1627,,0
Norene,MacParland,nmacparlandko@feedburner.com,Closed,+55 (807) 636-6595,,35
Kimball,Orchard,korchardkp@google.co.jp,Lead,,,0
Konstance,Farris,kfarriskq@google.com.hk,Closed,,,0
Hadlee,Mill,hmillkr@sogou.com,Contacted,+57 (816) 201-2206,,75
Ludwig,Vockins,lvockinsks@google.pl,Diligence,,,30
Wandie,Mattam,wmattamkt@census.gov,Closed,+62 (785) 851-6009,Eadel,0
Rayna,Schurcke,rschurckeku@google.ru,Contacted,,Skinix,90
Marlyn,Daltrey,mdaltreykv@reverbnation.com,Closed,+229 (628) 117-5946,,0
Sarine,Mansour,smansourkw@usatoday.com,Diligence,+970 (755) 837-7562,,0
Barby,Copperwaite,bcopperwaitekx@time.com,Closed,+62 (787) 269-3490,,0
Tana,Joubert,tjoubertky@elpais.com,Closed,,,0
Ashlee,Hearsum,ahearsumkz@mail.ru,Contacted,,,0
Nadia,Ensten,nenstenl0@bing.com,Contacted,,,55
Wini,Darnborough,wdarnboroughl1@unblog.fr,Contacted,,,5
Priscella,Fend,pfendl2@washington.edu,Lead,+251 (499) 239-8987,,90
Melodee,Ianittello,mianittellol3@virginia.edu,Contacted,,Ozu,0
Sauncho,Greatbach,sgreatbachl4@illinois.edu,Closed,,,50
Morrie,Caccavella,mcaccavellal5@networksolutions.com,Rejected,+63 (416) 914-5652,,0
Son,Klauer,sklauerl6@goo.gl,Rejected,,,0
Latrina,Mewes,lmewesl7@skyrock.com,Closed,,,105
Estele,Davenhall,edavenhalll8@army.mil,Closed,,,30
Vivianna,Smalles,vsmallesl9@nationalgeographic.com,Contacted,,,0
Curtis,Popescu,cpopescula@ycombinator.com,Lead,+86 (802) 408-2265,,0
Helge,Kellart,hkellartlb@google.com.au,Contacted,+970 (774) 201-5971,,0
Fielding,Lambart,flambartlc@free.fr,Closed,,,20
Coleman,Niles,cnilesld@twitter.com,Closed,,,0
Tallou,Burbage,tburbagele@scribd.com,Contacted,,,105
Larry,Rickersy,lrickersylf@chicagotribune.com,Diligence,,Gabtype,0
Charmion,Purselow,cpurselowlg@vistaprint.com,Contacted,,,75
Frederick,Adds,faddslh@nps.gov,Closed,+81 (402) 965-2315,Tanoodle,85
Farlie,Dowsett,fdowsettli@guardian.co.uk,Contacted,+86 (957) 484-2927,Edgetag,35
Jethro,Riggey,jriggeylj@jigsy.com,Rejected,+86 (413) 325-9320,,0
Christopher,Kernaghan,ckernaghanlk@tmall.com,Contacted,+62 (192) 877-9121,,0
Ginger,Breche,gbrechell@hhs.gov,Lead,+380 (110) 362-4270,Agimba,0
Glennis,Dood,gdoodlm@tumblr.com,Rejected,+66 (517) 659-8152,,35
Bob,Finci,bfinciln@chicagotribune.com,Contacted,+20 (182) 811-6966,,0
Clair,Forre,cforrelo@barnesandnoble.com,Closed,+81 (894) 226-9726,,5
Vera,Penhalewick,vpenhalewicklp@elegantthemes.com,Contacted,+385 (839) 163-2949,,0
Laney,Mitford,lmitfordlq@cbc.ca,Closed,,Flashpoint,35
Anna,Gartsyde,agartsydelr@bandcamp.com,Rejected,+62 (753) 122-6868,,0
Stu,Blainey,sblaineyls@shinystat.com,Lead,,,35
Darla,Muncaster,dmuncasterlt@bravesites.com,Diligence,+963 (733) 210-7656,,0
Tildy,Bebbington,tbebbingtonlu@slashdot.org,Closed,+63 (149) 120-5759,,0
Dulci,Raincin,draincinlv@issuu.com,Diligence,,,55
Amos,Wychard,awychardlw@sogou.com,Diligence,,,0
Rey,Brannigan,rbranniganlx@example.com,Rejected,,,5
Channa,Phelp,cphelply@thetimes.co.uk,Closed,+52 (590) 201-9464,,95
Allen,Tincknell,atincknelllz@google.fr,Lead,+86 (252) 743-0708,,5
Andrey,Priest,apriestm0@mashable.com,Diligence,,,0
Gilberte,Suche,gsuchem1@phoca.cz,Closed,,Edgeblab,0
Ellene,McSperrin,emcsperrinm2@redcross.org,Closed,,Jaxworks,0
Eugenius,Dietmar,edietmarm3@shinystat.com,Contacted,+86 (338) 874-6188,Mybuzz,0
Cosimo,Dignon,cdignonm4@foxnews.com,Diligence,+63 (105) 940-9728,,0
Trent,Bedow,tbedowm5@shareasale.com,Closed,+84 (913) 210-1066,,0
Hilde,Abrashkin,habrashkinm6@unc.edu,Contacted,+234 (764) 689-1091,,10
Belia,Waycot,bwaycotm7@nymag.com,Contacted,,,0
Viviene,Hallgath,vhallgathm8@chronoengine.com,Diligence,+86 (785) 584-7228,Talane,65
Jefferson,Wolfit,jwolfitm9@digg.com,Closed,+51 (612) 410-3857,,0
Tasia,Smooth,tsmoothma@people.com.cn,Lead,,,0
Thadeus,Kalisch,tkalischmb@1688.com,Rejected,+62 (674) 701-5221,,0
Klarrisa,Anespie,kanespiemc@blinklist.com,Rejected,,,65
Georgette,Otridge,gotridgemd@liveinternet.ru,Contacted,,,0
Inna,Osgardby,iosgardbyme@techcrunch.com,Diligence,,Latz,80
Jerry,Peckett,jpeckettmf@timesonline.co.uk,Rejected,+86 (239) 713-3121,,45
Helene,Reith,hreithmg@linkedin.com,Rejected,+86 (177) 695-2038,,0
Bernete,Nannizzi,bnannizzimh@reference.com,Rejected,+86 (162) 831-6483,Flashset,0
Ellswerth,Dulwich,edulwichmi@seesaa.net,Contacted,,,0
Lucio,Chiommienti,lchiommientimj@seesaa.net,Lead,,,100
Brittni,Giblin,bgiblinmk@yandex.ru,Closed,,,85
Ros,Markwelley,rmarkwelleyml@ebay.com,Rejected,+31 (209) 699-9946,Leexo,70
Kassandra,Killeley,kkilleleymm@unesco.org,Diligence,,Jabbersphere,0
Mignon,Britney,mbritneymn@reference.com,Diligence,,,0
Gabrila,Cracie,gcraciemo@usgs.gov,Closed,,Avamm,0
Johnna,Grogona,jgrogonamp@yellowbook.com,Rejected,,,0
Marcellus,Jeandet,mjeandetmq@ihg.com,Contacted,,Voonyx,0
Rad,Ainley,rainleymr@bbc.co.uk,Lead,,Skinix,85
Meir,Helliker,mhellikerms@amazon.co.uk,Closed,+63 (933) 446-4183,,60
Wandis,Benedek,wbenedekmt@harvard.edu,Diligence,,,0
Berton,Brice,bbricemu@prweb.com,Closed,,,0
Von,Hoggan,vhogganmv@discovery.com,Diligence,+63 (620) 829-0227,,0
Blondy,Falconbridge,bfalconbridgemw@google.ru,Contacted,,,0
Essie,Measham,emeashammx@uol.com.br,Contacted,,,65
Heywood,Loxly,hloxlymy@pen.io,Closed,+82 (155) 535-4555,,0
Drusi,Faier,dfaiermz@tinyurl.com,Contacted,+55 (411) 390-2638,,105
Yasmeen,Simonaitis,ysimonaitisn0@sina.com.cn,Diligence,,,90
Trev,Messer,tmessern1@ted.com,Diligence,,,50
Luther,covino,lcovinon2@wikispaces.com,Rejected,+236 (790) 360-0225,,0
Mariya,Saunper,msaunpern3@guardian.co.uk,Contacted,+380 (897) 877-2121,,0
Morse,Veart,mveartn4@vkontakte.ru,Rejected,+33 (677) 783-1973,,0
Opaline,Kleinhausen,okleinhausenn5@g.co,Lead,+351 (288) 203-1620,,65
Ronica,Vaughton,rvaughtonn6@last.fm,Diligence,+62 (578) 193-4639,Chatterpoint,0
Corilla,Rosone,crosonen7@cafepress.com,Closed,+86 (877) 143-9970,Youspan,0
Roscoe,Surgey,rsurgeyn8@clickbank.net,Diligence,+963 (624) 868-2273,Aibox,0
Egan,Korous,ekorousn9@digg.com,Lead,,Voonix,0
Montgomery,Jukubczak,mjukubczakna@sitemeter.com,Diligence,+63 (966) 625-1508,,0
Papagena,McNay,pmcnaynb@hexun.com,Diligence,+86 (567) 176-0443,Youopia,90
Josy,Corain,jcorainnc@comcast.net,Rejected,,,0
Lila,Downs,ldownsnd@sphinn.com,Closed,+63 (330) 418-7800,,10
Stu,Stritton,sstrittonne@tumblr.com,Rejected,,,0
Farly,Lilbourne,flilbournenf@mapy.cz,Closed,,Feedmix,0
Melesa,Percival,mpercivalng@prlog.org,Rejected,,,0
Bekki,Ceillier,bceilliernh@omniture.com,Lead,+81 (751) 585-0685,,25
Simonette,Stobbes,sstobbesni@github.io,Lead,,,0
Denni,Sleicht,dsleichtnj@utexas.edu,Contacted,+86 (415) 823-5281,,0
Kilian,Lodo,klodonk@tmall.com,Closed,,,0
Sylvan,Housam,shousamnl@tamu.edu,Lead,+86 (572) 178-8410,,85
Daffi,Wyman,dwymannm@hhs.gov,Lead,+962 (460) 903-4125,,35
Jayson,Likly,jliklynn@state.tx.us,Contacted,+62 (740) 719-6130,Abata,0
Cam,Pozer,cpozerno@storify.com,Contacted,,Avaveo,85
Aleece,Laughlan,alaughlannp@oracle.com,Closed,,Edgewire,0
Torre,Lacroutz,tlacroutznq@answers.com,Closed,+46 (757) 997-7399,Katz,0
Karlan,Adlem,kadlemnr@taobao.com,Rejected,+963 (850) 918-3094,Eamia,75
Susana,Geratt,sgerattns@goodreads.com,Diligence,,,20
Madlin,Happel,mhappelnt@google.ca,Contacted,,,0
Richardo,Bergen,rbergennu@tumblr.com,Closed,,Browsecat,20
Kalinda,Stefanovic,kstefanovicnv@imdb.com,Closed,,Kayveo,50
Martita,Gregol,mgregolnw@friendfeed.com,Contacted,,,0
Sandra,Baleine,sbaleinenx@sitemeter.com,Diligence,,Dynava,75
Deb,Witherbed,dwitherbedny@ow.ly,Closed,,,0
Fanya,Upton,fuptonnz@mapy.cz,Lead,,,0
Jerrilee,Horbart,jhorbarto0@opensource.org,Closed,,,100
Ailee,Fuentes,afuenteso1@tinyurl.com,Contacted,,,0
Shirley,Rainsbury,srainsburyo2@scribd.com,Diligence,,,0
Isacco,Ferandez,iferandezo3@house.gov,Closed,+62 (330) 452-3790,Brightdog,80
Thaine,Sibbit,tsibbito4@furl.net,Lead,,,5
Stacy,Petts,spettso5@squidoo.com,Diligence,+234 (350) 368-8919,Babblestorm,90
Grove,Crayton,gcraytono6@shinystat.com,Rejected,,,0
Lonna,Paolone,lpaoloneo7@hc360.com,Diligence,+55 (480) 518-7118,,15
Randa,Lydiatt,rlydiatto8@tumblr.com,Lead,,,0
Stafford,Labb,slabbo9@seattletimes.com,Diligence,+63 (169) 486-0457,,10
Agnesse,Mewe,ameweoa@wix.com,Contacted,,,0
Fitz,Forrington,fforringtonob@bravesites.com,Lead,+46 (832) 351-0356,,0
Lynne,Stedson,lstedsonoc@chronoengine.com,Closed,+62 (429) 648-5708,,105
Tait,Botwright,tbotwrightod@thetimes.co.uk,Closed,,,0
Orel,Bemment,obemmentoe@goo.ne.jp,Closed,,,65
Dulce,Traske,dtraskeof@accuweather.com,Diligence,,Talane,0
Phebe,Flippini,pflippiniog@over-blog.com,Lead,+970 (974) 344-5946,,0
Aldo,Luton,alutonoh@ning.com,Closed,,,55
Kilian,Gogay,kgogayoi@themeforest.net,Lead,,,60
Jacquie,Grimstead,jgrimsteadoj@smh.com.au,Closed,,Fadeo,65
Hillery,Letterese,hlettereseok@sfgate.com,Contacted,+509 (125) 714-8773,Devify,55
Rosalynd,Surfleet,rsurfleetol@weebly.com,Closed,,,0
Aileen,Beningfield,abeningfieldom@a8.net,Contacted,+380 (493) 897-8640,Geba,85
Damita,Pena,dpenaon@netlog.com,Closed,,Kayveo,0
Kate,Liffey,kliffeyoo@desdev.cn,Diligence,+62 (338) 155-0429,,0
Walliw,Eliassen,weliassenop@smh.com.au,Diligence,+86 (460) 728-5235,,0
Laura,Tingle,ltingleoq@java.com,Contacted,+263 (321) 890-0887,,0
Griswold,Coger,gcogeror@berkeley.edu,Closed,+63 (814) 525-9002,,0
Alie,Ceyssen,aceyssenos@hp.com,Diligence,+48 (871) 569-0821,,0
Early,Orcas,eorcasot@sina.com.cn,Closed,,,55
Wilmer,Esch,weschou@marketwatch.com,Diligence,,Kwinu,0
Ibbie,Lemmens,ilemmensov@wsj.com,Rejected,,,0
Zelda,Buckett,zbuckettow@cyberchimps.com,Diligence,+86 (840) 854-5886,Gabcube,70
Coreen,Banbury,cbanburyox@bloomberg.com,Closed,+86 (922) 821-4189,,0
Constantin,Gameson,cgamesonrq@oracle.com,Rejected,,,15
Zabrina,Tolomelli,ztolomellirr@comsenz.com,Contacted,+86 (463) 256-5398,,0
Herby,Laxon,hlaxon0@alibaba.com,Diligence,,InnoZ,35
Leanora,Collet,lcollet1@shutterfly.com,Diligence,,,10
Florina,Gammage,fgammage2@canalblog.com,Lead,,,20
Amii,Hollingshead,ahollingshead3@cbslocal.com,Contacted,,Kwilith,0
Estelle,Farens,efarens4@instagram.com,Contacted,,,35
Lurlene,Kiehnlt,lkiehnlt5@narod.ru,Closed,,Buzzbean,0
Angel,Cannop,acannop6@discuz.net,Diligence,+420 (434) 856-0615,Rhynoodle,0
Shela,O'Scandall,soscandall7@ebay.co.uk,Lead,,Yakitri,0
Leoine,Clowser,lclowser8@jalbum.net,Rejected,+86 (288) 506-7504,,0
Vonni,Aviss,vaviss9@webeden.co.uk,Diligence,+53 (724) 110-7053,Aibox,40
Natala,Attwoul,nattwoula@slashdot.org,Diligence,,,0
Constancia,Guerin,cguerinb@va.gov,Rejected,,,0
Jeannette,Kares,jkaresc@hubpages.com,Diligence,,,0
Caritta,Warrender,cwarrenderd@tiny.cc,Rejected,+231 (217) 121-9367,,0
Husein,Solano,hsolanoe@newyorker.com,Rejected,+55 (818) 976-0642,,0
Verne,Blaze,vblazef@google.de,Lead,,,0
Olga,Jackling,ojacklingg@google.com.br,Closed,,,105
Doretta,Sorby,dsorbyh@chicagotribune.com,Closed,,,0
Desdemona,Alway,dalwayi@deliciousdays.com,Rejected,,Npath,0
Ephrayim,Barcroft,ebarcroftj@smugmug.com,Closed,,Skaboo,75
Bertrando,Zouch,bzouchk@networksolutions.com,Diligence,,,0
Constance,Shoard,cshoardl@guardian.co.uk,Diligence,+86 (743) 575-6047,,10
Gerianna,Delooze,gdeloozem@nbcnews.com,Closed,+66 (956) 947-7393,,0
Hana,Smail,hsmailn@google.com.au,Lead,,,0
Bellina,Georgiades,bgeorgiadeso@mac.com,Closed,,,0
Adolphe,Bote,abotep@chron.com,Rejected,+86 (962) 139-4682,,0
Ferrell,Mathissen,fmathissenq@nps.gov,Contacted,,,0
Gail,Bresnahan,gbresnahanr@state.gov,Closed,+7 (782) 142-4943,,75
Josephina,Gallelli,jgallellis@tinyurl.com,Rejected,+63 (917) 881-2722,Zoomlounge,0
Gustie,Fallow,gfallowt@mozilla.org,Rejected,,Zoomdog,100
Daniella,Pallasch,dpallaschu@mapquest.com,Lead,,,0
Mychal,Cisneros,mcisnerosv@dailymotion.com,Lead,,,0
Merralee,Richin,mrichinw@tiny.cc,Rejected,+63 (300) 961-7664,,0
Hamel,Wilkin,hwilkinx@sbwire.com,Diligence,+57 (227) 708-2726,,45
Beale,Chastagnier,bchastagniery@cnbc.com,Contacted,,,95
Parke,Behnke,pbehnkez@google.ru,Lead,+57 (176) 375-7514,Oba,25
Daron,Concannon,dconcannon10@tinypic.com,Rejected,,Meevee,0
Haleigh,Idale,hidale11@home.pl,Lead,,,0
Culver,Ast,cast12@vk.com,Closed,,,60
Northrop,Routhorn,nrouthorn13@google.co.uk,Closed,,,105
Gabe,Radford,gradford14@over-blog.com,Diligence,+7 (579) 718-4440,,0
Belvia,Bovey,bbovey15@sohu.com,Lead,,,0
Leonie,Mattisssen,lmattisssen16@wikimedia.org,Closed,,,0
Dido,Ripping,dripping17@abc.net.au,Diligence,,,0
Aloisia,Kelloway,akelloway18@cpanel.net,Lead,,,0
Sisely,Pfiffer,spfiffer19@yahoo.co.jp,Closed,,,0
Rennie,Dermot,rdermot1a@pbs.org,Rejected,+86 (220) 145-9095,Tagchat,5
Allianora,Spours,aspours1b@delicious.com,Contacted,,Roombo,0
Forester,Edmondson,fedmondson1c@statcounter.com,Contacted,,,0
Osmund,O'Dee,oodee1d@miibeian.gov.cn,Diligence,,,0
Delphine,Culwen,dculwen1e@deviantart.com,Lead,+7 (683) 745-3935,,35
Ian,Jonsson,ijonsson1f@nationalgeographic.com,Closed,+359 (841) 748-9830,Kimia,35
Ricca,Littlemore,rlittlemore1g@mediafire.com,Contacted,,Geba,25
Frederica,Peasgood,fpeasgood1h@moonfruit.com,Lead,+359 (111) 317-0307,,0
Audre,Mournian,amournian1i@nba.com,Contacted,,,0
Janek,Messenbird,jmessenbird1j@google.com.au,Contacted,,,0
Merl,Dewfall,mdewfall1k@tinyurl.com,Closed,+237 (694) 416-0672,,0
Alie,Tivolier,ativolier1l@icio.us,Closed,,Voonyx,0
Lillian,Liles,lliles1m@yelp.com,Closed,,Babbleset,0
Reiko,Giannoni,rgiannoni1n@alibaba.com,Lead,,,0
Karlens,Castaignet,kcastaignet1o@bbb.org,Closed,,,0
Violetta,Tommis,vtommis1p@etsy.com,Lead,,,0
Josefina,Zottoli,jzottoli1q@yale.edu,Lead,,Thoughtstorm,0
Lorita,Mingay,lmingay1r@mashable.com,Diligence,,,0
Abeu,Jurasek,ajurasek1s@csmonitor.com,Closed,,,100
Brooke,Brudenell,bbrudenell1t@t.co,Diligence,,,0
Alix,Columbell,acolumbell1u@cornell.edu,Lead,,,0
Lyman,Dufoure,ldufoure1v@edublogs.org,Closed,+62 (662) 639-6777,,30
Tuckie,Brookes,tbrookes1w@washingtonpost.com,Lead,,,0
Ddene,Wallwork,dwallwork1x@dagondesign.com,Closed,,,0
Abran,Brandt,abrandt1y@chronoengine.com,Lead,,Gigashots,5
Dyan,Mancer,dmancer1z@cpanel.net,Rejected,+31 (183) 769-0449,,15
Richy,Lightbody,rlightbody20@craigslist.org,Lead,,,40
Augusto,Pigeon,apigeon21@ibm.com,Contacted,,,0
Lauri,Sekulla,lsekulla22@tinyurl.com,Lead,,Realbuzz,0
Davita,Kettlesting,dkettlesting23@mediafire.com,Rejected,+86 (998) 384-9958,,0
Rebbecca,Friary,rfriary24@patch.com,Contacted,,,60
Aubrey,Bohlsen,abohlsen25@sciencedirect.com,Diligence,,,0
Clea,Mathias,cmathias26@behance.net,Diligence,,,0
Josy,Cassam,jcassam27@friendfeed.com,Contacted,,,0
Vitoria,Sigmund,vsigmund28@naver.com,Closed,,,0
Olympe,Burren,oburren29@scribd.com,Diligence,,,65
Johann,Penvarden,jpenvarden2a@pen.io,Rejected,,,15
Alyssa,Skeermor,askeermor2b@reference.com,Rejected,,,0
Martie,Storrier,mstorrier2c@xrea.com,Closed,,,0
Hildegaard,Argont,hargont2d@cdbaby.com,Contacted,+351 (670) 840-3802,Wikizz,60
Hardy,Thing,hthing2e@squarespace.com,Lead,,Edgeify,45
Chaddy,Chismon,cchismon2f@irs.gov,Contacted,,,20
Herve,Eastment,heastment2g@typepad.com,Lead,,Wikizz,0
Felic,Greswell,fgreswell2h@symantec.com,Closed,,,85
Zane,Metheringham,zmetheringham2i@alexa.com,Rejected,+1 (212) 846-4690,Brainlounge,80
Isaac,Middup,imiddup2j@domainmarket.com,Diligence,+55 (842) 552-0763,,0
Addi,Bonallack,abonallack2k@live.com,Lead,,,0
Aloisia,Konmann,akonmann2l@businessinsider.com,Rejected,+62 (861) 548-7263,,65
Ailis,Reynolds,areynolds2m@smh.com.au,Diligence,,,15
Eugine,Sadler,esadler2n@msn.com,Rejected,,,0
Julietta,Phelps,jphelps2o@devhub.com,Diligence,,,0
Allayne,Hartrick,ahartrick2p@nymag.com,Rejected,,,0
Tome,Crellin,tcrellin2q@hostgator.com,Lead,+62 (185) 214-2599,,40
Yoko,Hansana,yhansana2r@google.fr,Contacted,+351 (344) 450-6116,,0